City_ID,City,Lat,Lng,Max Temp,Humidity,Cloudiness,Wind Speed,Country,Date
0,rikitea,-23.1203,-134.9692,26.21,75,0,7.11,PF,1674528414
1,busselton,-33.65,115.3333,28.76,41,21,5.03,AU,1674528414
2,dumas,35.8656,-101.9732,3.08,48,100,3.09,US,1674528415
3,tuktoyaktuk,69.4541,-133.0374,-28.0,76,20,4.12,CA,1674528291
4,lebu,-37.6167,-73.65,16.8,96,100,3.93,CL,1674528471
5,nautla,20.2167,-96.7833,19.66,86,96,2.62,MX,1674528471
6,kobyli,48.9329,16.8916,4.39,93,100,5.89,CZ,1674528417
7,bandarbeyla,9.4942,50.8122,24.02,66,70,7.53,SO,1674528472
8,saint-philippe,-21.3585,55.7679,22.77,83,100,4.26,RE,1674528417
9,kapaa,22.0752,-159.319,26.99,79,40,2.57,US,1674528418
10,dakar,14.6937,-17.4441,20.07,88,0,0.0,SN,1674528418
11,mataura,-46.1927,168.8643,20.81,35,9,1.99,NZ,1674528419
12,bethel,41.3712,-73.414,1.68,80,100,3.09,US,1674528419
13,port elizabeth,-33.918,25.5701,22.16,85,0,10.29,ZA,1674528419
14,henties bay,-22.116,14.2845,18.24,86,100,4.29,NA,1674528420
15,vestmannaeyjar,63.4427,-20.2734,5.26,91,100,11.88,IS,1674528420
16,albany,42.6001,-73.9662,-0.76,83,69,0.89,US,1674528006
17,ponta do sol,32.6667,-17.1,16.35,68,13,2.95,PT,1674528421
18,barrow,71.2906,-156.7887,-21.99,84,100,7.2,US,1674528421
19,puerto ayora,-0.7393,-90.3518,23.64,97,89,1.34,EC,1674528422
20,hilo,19.7297,-155.09,25.14,86,33,1.79,US,1674528138
21,torbay,47.6666,-52.7314,1.43,96,100,13.38,CA,1674528423
22,provideniya,64.3833,-173.3,-14.94,61,40,7.0,RU,1674528424
23,azad shahr,34.7909,48.5707,-6.73,93,76,0.0,IR,1674528424
24,carnarvon,-24.8667,113.6333,27.33,62,75,5.72,AU,1674528425
25,hofn,64.2539,-15.2082,2.65,93,100,7.14,IS,1674528425
26,adrar,20.5022,-10.0711,16.49,16,0,4.18,MR,1674528426
27,pevek,69.7008,170.3133,-28.05,83,75,0.88,RU,1674528426
28,tasiilaq,65.6145,-37.6368,-6.91,65,100,2.37,GL,1674528427
29,lonevag,60.5262,5.4937,6.31,98,100,2.85,NO,1674528427
30,saint george,37.1041,-113.5841,4.13,44,0,3.09,US,1674528225
31,belyy yar,53.6039,91.3903,-17.86,72,100,0.0,RU,1674528428
32,san carlos del zulia,9.0,-71.9135,24.9,83,100,0.55,VE,1674528428
33,saskylakh,71.9167,114.0833,-22.16,82,100,1.63,RU,1674528429
34,punta arenas,-53.15,-70.9167,10.06,57,0,10.29,CL,1674528430
35,pandan,14.0453,124.1694,26.25,83,52,6.08,PH,1674528430
36,talara,-4.5772,-81.2719,23.42,73,0,6.17,PE,1674528150
37,camacha,33.0833,-16.3333,13.68,63,40,5.14,PT,1674528431
38,glasgow,55.8652,-4.2576,8.88,87,100,1.54,GB,1674528184
39,ushuaia,-54.8,-68.3,8.81,87,75,1.03,AR,1674528322
40,butaritari,3.0707,172.7902,27.12,78,53,7.73,KI,1674528431
41,nikolskoye,59.7035,30.7861,-4.06,92,99,4.06,RU,1674528432
42,hermanus,-34.4187,19.2345,17.9,80,0,6.53,ZA,1674528432
43,east london,-33.0153,27.9116,22.98,83,27,6.46,ZA,1674528156
44,grindavik,63.8424,-22.4338,4.97,93,75,12.35,IS,1674528433
45,jamestown,42.097,-79.2353,-0.25,68,100,8.23,US,1674528265
46,new norfolk,-42.7826,147.0587,24.39,40,16,0.89,AU,1674528540
47,port hardy,50.6996,-127.4199,5.1,100,100,3.6,CA,1674528540
48,dali,25.7,100.1833,11.28,34,0,1.71,CN,1674528419
49,dandong,40.1292,124.3947,-18.04,44,42,6.96,CN,1674528541
50,codrington,-38.2667,141.9667,21.8,62,98,5.64,AU,1674528541
51,ende,-8.8432,121.6623,29.35,69,96,2.11,ID,1674528541
52,qaanaaq,77.484,-69.3632,-24.42,70,94,3.22,GL,1674528542
53,la carolina,38.2756,-3.6153,-2.17,89,13,2.35,ES,1674528542
54,rayong,12.8333,101.4333,33.12,35,52,5.78,TH,1674528543
55,esperance,-33.8667,121.9,26.47,45,0,4.2,AU,1674528543
56,vaini,-21.2,-175.2,31.09,74,40,2.57,TO,1674528544
57,karasjok,69.4719,25.5112,-8.31,83,32,4.74,NO,1674528544
58,najran,17.4924,44.1277,12.36,39,1,0.94,SA,1674528321
59,clyde river,70.4692,-68.5914,-35.87,68,40,1.03,CA,1674528545
60,bredasdorp,-34.5322,20.0403,16.45,76,0,3.61,ZA,1674528545
61,singaraja,-8.112,115.0882,29.43,70,88,1.12,ID,1674528546
62,gamba,-2.65,10.0,25.42,84,100,0.85,GA,1674528547
63,victoria,22.2855,114.1577,16.09,59,98,8.94,HK,1674528275
64,bluff,-46.6,168.3333,13.67,59,16,5.43,NZ,1674528547
65,andenes,69.3143,16.1194,2.99,48,75,11.83,NO,1674528548
66,hobart,-42.8794,147.3294,24.59,55,20,7.2,AU,1674528503
67,axim,4.8699,-2.2405,26.22,86,66,2.67,GH,1674528549
68,broome,42.2506,-75.833,-0.64,85,100,3.6,US,1674528549
69,castro,-24.7911,-50.0119,16.7,95,56,1.73,BR,1674528417
70,maralal,1.0968,36.698,14.7,68,78,2.45,KE,1674528550
71,richards bay,-28.783,32.0377,21.64,94,1,4.02,ZA,1674528550
72,narsaq,60.9167,-46.05,-9.88,80,100,2.2,GL,1674528551
73,mayo,38.8876,-76.5119,5.09,64,100,5.66,US,1674528551
74,thompson,55.7435,-97.8558,-28.91,76,20,1.03,CA,1674528551
75,yerbogachen,61.2767,108.0108,-40.23,99,81,1.08,RU,1674528552
76,norman wells,65.282,-126.8329,-28.98,76,40,0.0,CA,1674528552
77,mexico,15.0646,120.7198,29.84,55,37,3.4,PH,1674528132
78,mokrousovo,55.8103,66.7653,-16.76,98,54,3.17,RU,1674528553
79,cape town,-33.9258,18.4232,19.93,77,40,7.2,ZA,1674528451
80,mar del plata,-38.0023,-57.5575,20.05,77,0,6.26,AR,1674528553
81,suwannaphum,15.6035,103.8021,25.58,55,30,11.17,TH,1674528554
82,vigrestad,58.5667,5.7,5.82,94,100,3.99,NO,1674528554
83,rypefjord,70.6333,23.6667,-0.74,100,75,15.95,NO,1674528555
84,lavrentiya,65.5833,-171.0,-26.51,95,28,5.37,RU,1674528555
85,tazovskiy,67.4667,78.7,-34.26,99,73,3.04,RU,1674528556
86,kropotkin,45.4375,40.5756,0.34,77,7,6.08,RU,1674528557
87,faanui,-16.4833,-151.75,26.05,77,100,7.56,PF,1674528557
88,cherskiy,68.75,161.3,-27.26,95,100,1.04,RU,1674528557
89,itamaraca,-7.7478,-34.8256,28.03,79,7,3.69,BR,1674528558
90,thaba-tseka,-29.522,28.6084,11.81,52,2,1.26,LS,1674528618
91,san patricio,28.017,-97.5169,17.92,68,97,7.76,US,1674528619
92,paithan,19.4833,75.3833,20.4,47,59,1.54,IN,1674528619
93,khatanga,71.9667,102.5,-42.8,97,49,2.14,RU,1674528620
94,kodiak,57.79,-152.4072,5.73,75,100,2.06,US,1674528620
95,deputatskiy,69.3,139.9,-35.79,100,95,0.61,RU,1674528620
96,matara,5.9485,80.5353,24.94,83,100,4.48,LK,1674528500
97,georgetown,5.4112,100.3354,28.96,83,20,1.03,MY,1674528621
98,husavik,66.0449,-17.3389,-2.1,62,100,3.9,IS,1674528622
99,tikhvin,59.6451,33.5294,-9.65,95,99,3.52,RU,1674528622
100,fort saint james,54.4333,-124.25,-0.88,85,94,2.8,CA,1674528623
101,mabaruma,8.2,-59.7833,21.6,96,29,1.46,GY,1674528623
102,mogadishu,2.0371,45.3438,24.73,80,93,8.62,SO,1674528623
103,yellowknife,62.456,-114.3525,-12.71,78,100,5.66,CA,1674528595
104,gat,31.61,34.7642,15.78,60,0,0.78,IL,1674528624
105,salalah,17.0151,54.0924,19.55,77,21,1.69,OM,1674528625
106,dikson,73.5069,80.5464,-23.07,84,100,15.66,RU,1674528625
107,broken hill,-31.95,141.4333,34.74,15,17,7.45,AU,1674528625
108,arraial do cabo,-22.9661,-42.0278,23.78,92,100,3.42,BR,1674528626
109,daphne,30.6035,-87.9036,8.25,87,0,0.45,US,1674528626
110,ketchikan,55.3422,-131.6461,6.99,87,75,1.54,US,1674528627
111,kosa,59.9445,54.9977,-15.9,99,95,2.1,RU,1674528627
112,sistranda,63.7256,8.834,4.98,93,100,3.38,NO,1674528627
113,panguna,-6.3164,155.4848,26.52,67,100,1.27,PG,1674528628
114,woodward,36.4337,-99.3904,1.65,67,40,2.57,US,1674528628
115,jagraon,30.7833,75.4833,14.56,55,66,2.39,IN,1674528629
116,carutapera,-1.195,-46.02,23.76,93,100,3.07,BR,1674528629
117,saldanha,-33.0117,17.9442,17.18,89,0,3.72,ZA,1674528630
118,pisco,-13.7,-76.2167,21.03,88,0,6.69,PE,1674528630
119,aden,12.7794,45.0367,24.36,69,80,7.46,YE,1674528630
120,hirara,24.8,125.2833,16.92,77,75,16.98,JP,1674528631
121,kloulklubed,7.0419,134.2556,27.18,81,100,6.27,PW,1674528631
122,tiksi,71.6872,128.8694,-35.8,100,91,1.55,RU,1674528632
123,kavieng,-2.5744,150.7967,29.41,70,90,5.04,PG,1674528632
124,shache,38.4167,77.2406,-14.46,81,16,2.05,CN,1674528633
125,atambua,-9.1061,124.8925,27.29,67,100,1.1,ID,1674528565
126,kasama,-10.2129,31.1808,15.82,95,100,2.74,ZM,1674528633
127,tecoanapa,16.5167,-98.75,24.01,75,1,1.87,MX,1674528634
128,gotsu,35.0,132.2167,-1.63,82,100,15.03,JP,1674528634
129,sao joao da barra,-21.6403,-41.0511,23.84,90,100,3.32,BR,1674528634
130,venustiano carranza,19.43,-99.0992,17.3,49,7,7.15,MX,1674528457
131,batemans bay,-35.7167,150.1833,23.39,58,79,4.77,AU,1674528461
132,grand gaube,-20.0064,57.6608,23.54,81,100,0.35,MU,1674528635
133,cravo norte,6.3017,-70.2041,26.51,53,100,2.23,CO,1674528635
134,lumphat,13.4878,106.9816,28.25,53,80,4.25,KH,1674528636
135,biu,10.6129,12.1946,19.98,20,77,2.34,NG,1674528636
136,makhachkala,42.9764,47.5024,1.99,79,11,7.53,RU,1674528637
137,tilichiki,60.4667,166.1,-16.54,94,100,5.8,RU,1674528637
138,mehamn,71.0357,27.8492,-0.05,100,92,12.35,NO,1674528637
139,noumea,-22.2763,166.4572,32.99,86,100,1.47,NC,1674528563
140,westport,41.1415,-73.3579,2.64,75,100,5.14,US,1674528698
141,iskateley,67.6803,53.1512,-8.3,84,86,7.64,RU,1674528698
142,severo-kurilsk,50.6789,156.125,-7.13,71,89,8.94,RU,1674528699
143,khanpur,28.6453,70.6567,9.15,35,37,3.7,PK,1674528699
144,bonavista,48.6499,-53.1147,0.33,97,100,12.03,CA,1674528700
145,nanortalik,60.1432,-45.2371,-1.78,86,100,3.95,GL,1674528700
146,san vicente,-26.6167,-54.1333,20.6,61,0,0.81,AR,1674528701
147,morales,2.757,-76.6172,14.29,94,24,1.08,CO,1674528701
148,brae,60.3964,-1.353,9.01,98,100,8.21,GB,1674528701
149,mitsamiouli,-11.3847,43.2844,26.61,82,99,6.73,KM,1674528702
150,haines junction,60.7522,-137.5108,-7.59,98,100,1.37,CA,1674528703
151,abha,18.2164,42.5053,9.14,93,0,0.0,SA,1674528663
152,sitangkai,4.6628,119.3928,26.58,81,68,2.94,PH,1674528703
153,nantucket,41.2835,-70.0995,2.08,86,100,8.75,US,1674528704
154,talnakh,69.4865,88.3972,-31.48,93,29,3.45,RU,1674528704
155,chernukha,55.5974,43.7556,-14.49,96,78,2.09,RU,1674528704
156,sur,22.5667,59.5289,19.51,45,100,4.81,OM,1674528705
157,tautira,-17.7333,-149.15,26.06,81,100,4.62,PF,1674528705
158,teguise,29.0605,-13.564,14.12,67,75,5.14,ES,1674528706
159,ust-kuyga,70.0167,135.6,-37.87,98,100,2.29,RU,1674528706
160,olinda,-8.0089,-34.8553,27.85,69,75,3.6,BR,1674528707
161,dabat,12.9842,37.765,11.63,37,19,1.93,ET,1674528707
162,abu kamal,34.4506,40.9171,9.73,50,0,1.14,SY,1674528707
163,faya,18.3851,42.4509,9.29,83,0,0.36,SA,1674528708
164,karratha,-20.7377,116.8463,31.17,54,99,5.62,AU,1674528708
165,jinchang,38.4953,102.1739,-7.0,20,9,2.55,CN,1674528709
166,valparaiso,-33.0393,-71.6273,18.6,100,20,2.06,CL,1674528709
167,champerico,14.3,-91.9167,25.64,74,2,2.19,GT,1674528709
168,marrakesh,31.6315,-8.0083,7.04,70,0,2.57,MA,1674528685
169,masallatah,32.6167,14.0,10.46,72,81,3.28,LY,1674528710
170,pipri,19.8,75.5333,20.66,49,60,1.55,IN,1674528710
171,lianzhou,24.7811,112.3825,7.64,56,95,4.92,CN,1674528711
172,lincoln,40.8,-96.667,1.95,89,100,3.09,US,1674528711
173,nakhon thai,17.1006,100.8374,28.93,31,2,2.75,TH,1674528712
174,bambous virieux,-20.3428,57.7575,23.45,94,75,2.06,MU,1674528712
175,nouna,12.7333,-3.8667,25.51,18,2,2.55,BF,1674528712
176,atuona,-9.8,-139.0333,26.2,77,7,8.06,PF,1674528713
177,antofagasta,-23.65,-70.4,19.6,82,13,1.96,CL,1674528464
178,mae ramat,16.984,98.5166,19.18,27,15,0.93,TH,1674528713
179,mgachi,51.05,142.2667,-25.32,85,72,3.95,RU,1674528714
180,catamarca,-28.4696,-65.7852,29.48,53,1,8.49,AR,1674528653
181,yumen,40.2833,97.2,-13.2,47,5,6.98,CN,1674528715
182,alice springs,-23.7,133.8833,34.75,15,89,3.09,AU,1674528610
183,longyearbyen,78.2186,15.6401,-3.09,68,75,4.12,SJ,1674528715
184,cidreira,-30.1811,-50.2056,24.15,82,0,5.22,BR,1674528776
185,kahului,20.8947,-156.47,28.01,70,40,6.17,US,1674528776
186,airai,-8.9266,125.4092,20.51,71,100,0.87,TL,1674528776
187,waingapu,-9.6567,120.2641,30.0,55,89,0.65,ID,1674528777
188,la palma,33.8464,-118.0467,16.07,54,0,2.06,US,1674528777
189,esmeraldas,-19.7625,-44.3139,21.17,98,100,1.68,BR,1674528777
190,yertsevo,60.7966,40.086,-9.42,96,94,2.15,RU,1674528778
191,ilulissat,69.2167,-51.1,-10.1,88,100,2.45,GL,1674528778
192,coihueco,-36.6167,-71.8333,14.08,86,0,0.87,CL,1674528779
193,columbus,39.9612,-82.9988,0.19,82,100,6.17,US,1674528602
194,lorengau,-2.0226,147.2712,27.16,81,100,1.97,PG,1674528779
195,mount isa,-20.7333,139.5,36.87,23,96,4.12,AU,1674528780
196,celendin,-6.8703,-78.1517,11.32,91,69,1.18,PE,1674528780
197,tiznit,29.5833,-9.5,10.41,50,0,0.31,MA,1674528780
198,ayan,56.45,138.1667,-28.77,68,100,3.93,RU,1674528781
199,cabo san lucas,22.8909,-109.9124,19.61,74,40,6.69,MX,1674528534
200,vardo,70.3705,31.1107,-3.01,74,0,10.29,NO,1674528781
201,izvestkovyy,48.9833,131.55,-27.15,77,100,2.11,RU,1674528782
202,shaowu,27.3409,117.4831,7.73,61,62,4.46,CN,1674528782
203,ixtapa,20.7,-105.2,23.46,81,100,0.21,MX,1674528783
204,norrtalje,59.758,18.705,-0.32,85,100,5.49,SE,1674528783
205,vila velha,-20.3297,-40.2925,26.97,90,0,3.58,BR,1674528784
206,jutai,-5.1833,-68.9,22.34,100,100,0.86,BR,1674528784
207,hithadhoo,-0.6,73.0833,26.83,77,66,5.66,MV,1674528785
208,manicore,-5.8092,-61.3003,23.97,94,0,1.03,BR,1674528785
209,nabire,-3.3667,135.4833,30.03,62,100,1.54,ID,1674528566
210,luzhou,28.8724,105.4405,8.27,38,74,0.98,CN,1674528786
211,bani,18.2833,-70.3333,22.69,74,16,3.11,DO,1674528787
212,canon city,38.441,-105.2424,-2.21,83,0,0.0,US,1674528787
213,vao,-22.6667,167.4833,25.73,84,85,2.61,NC,1674528788
214,gudari,19.35,83.7833,22.22,38,4,0.21,IN,1674528788
215,cayenne,4.9333,-52.3333,25.02,83,75,2.06,GF,1674528789
216,sisimiut,66.9395,-53.6735,-6.29,94,100,5.81,GL,1674528789
217,mae sai,20.4335,99.8762,24.05,36,52,0.82,TH,1674528789
218,kodinsk,58.6881,99.1844,-22.76,97,100,0.72,RU,1674528790
219,nuristan,35.3,70.8333,-17.67,71,66,4.5,AF,1674528790
220,iracoubo,5.4802,-53.2011,24.47,82,8,5.88,GF,1674528791
221,sola,-13.8833,167.55,27.58,71,68,3.72,VU,1674528791
222,caconda,-13.7333,15.0667,13.77,95,100,0.94,AO,1674528792
223,namatanai,-3.6667,152.4333,29.72,66,77,2.86,PG,1674528792
224,reconquista,-29.15,-59.65,27.34,32,0,3.78,AR,1674528792
225,iqaluit,63.7506,-68.5145,-22.95,76,100,1.03,CA,1674528793
226,biak,-0.9131,122.8766,28.06,71,98,0.66,ID,1674528793
227,kiyasovo,56.3491,53.1244,-20.25,100,100,0.84,RU,1674528794
228,tabou,4.423,-7.3528,25.45,86,43,1.95,CI,1674528794
229,karaton,-6.3424,106.1045,25.99,83,93,3.45,ID,1674528795
230,adilabad,19.6667,78.5333,22.03,54,4,4.24,IN,1674528795
231,progreso,21.2833,-89.6667,25.06,81,38,6.5,MX,1674528856
232,san felipe,10.3399,-68.7425,21.97,96,100,1.06,VE,1674528856
233,mount gambier,-37.8333,140.7667,22.89,48,50,3.67,AU,1674528857
234,upernavik,72.7868,-56.1549,-22.66,98,100,3.19,GL,1674528737
235,asfi,32.2994,-9.2372,10.47,70,0,6.53,MA,1674528857
236,aquiraz,-3.9014,-38.3911,27.32,85,96,2.29,BR,1674528858
237,sobolevo,54.4299,31.8996,-0.6,94,91,0.8,RU,1674528858
238,baie-comeau,49.2168,-68.1489,-5.18,86,100,1.03,CA,1674528859
239,manyana,-23.4,21.7167,23.24,55,73,6.71,BW,1674528859
240,ahipara,-35.1667,173.1667,21.83,74,100,1.94,NZ,1674528859
241,kalmunai,7.4167,81.8167,26.03,80,99,4.58,LK,1674528860
242,fortuna,40.5982,-124.1573,9.25,89,0,0.0,US,1674528860
243,san pedro,14.35,121.0167,30.18,63,75,2.06,PH,1674528861
244,limot,7.0405,126.2727,26.5,84,99,0.48,PH,1674528861
245,nome,64.5011,-165.4064,-18.96,65,0,0.0,US,1674528600
246,souillac,-20.5167,57.5167,22.21,94,75,2.06,MU,1674528862
247,luderitz,-26.6481,15.1594,16.4,83,0,5.35,NA,1674528862
248,samdrup jongkhar,26.9167,91.6167,16.21,44,75,1.59,BT,1674528863
249,kudahuvadhoo,2.6708,72.8944,26.45,73,100,2.5,MV,1674528863
250,beidao,34.5686,105.8933,-5.58,25,37,1.12,CN,1674528863
251,santa cruz del sur,20.7147,-77.9956,23.32,75,23,3.82,CU,1674528864
252,vostok,46.4856,135.8833,-32.26,85,100,3.22,RU,1674528864
253,port macquarie,-31.4333,152.9167,28.27,65,32,6.23,AU,1674528787
254,porbandar,21.6422,69.6093,16.34,56,9,5.25,IN,1674528865
255,katsuura,35.1333,140.3,11.43,63,100,7.97,JP,1674528865
256,altay,47.8667,88.1167,-15.13,66,100,0.43,CN,1674528866
257,avarua,-21.2078,-159.775,28.03,65,75,1.03,CK,1674528866
258,le port,-20.9373,55.2919,23.0,85,100,4.55,RE,1674528867
259,soe,-9.8607,124.284,26.02,61,98,2.1,ID,1674528867
260,honiara,-9.4333,159.95,26.81,86,89,1.6,SB,1674528867
261,winslow,35.0242,-110.6974,1.1,80,100,8.23,US,1674528830
262,oksbol,55.6268,8.2876,1.06,85,50,4.02,DK,1674528868
263,umm lajj,25.0213,37.2685,20.44,67,0,3.24,SA,1674528868
264,lovozero,68.005,35.0117,-7.87,93,100,3.24,RU,1674528869
265,bombay,19.0144,72.8479,19.99,49,2,1.54,IN,1674528647
266,sydney mines,46.2367,-60.2177,8.36,97,100,8.23,CA,1674528869
267,maloy,61.9353,5.1136,8.18,1,100,10.72,NO,1674528870
268,nzerekore,7.7562,-8.8179,19.9,98,96,0.76,GN,1674528870
269,kyra,49.5776,111.9753,-27.93,65,22,1.32,RU,1674528871
270,fairbanks,64.8378,-147.7164,-21.33,79,100,0.0,US,1674528783
271,stornoway,58.2093,-6.3865,9.98,94,75,6.17,GB,1674528871
272,tonantins,-2.8731,-67.8022,22.73,99,100,1.39,BR,1674528872
273,port alfred,-33.5906,26.891,21.77,90,59,4.47,ZA,1674528857
274,pangnirtung,66.1451,-65.7125,-27.27,81,100,1.65,CA,1674528872
275,kruisfontein,-34.0033,24.7314,19.69,86,99,5.96,ZA,1674528873
276,flinders,-34.5833,150.8552,28.36,67,78,2.68,AU,1674528873
277,alofi,-19.0595,-169.9187,26.94,83,75,2.57,NU,1674528874
278,mahebourg,-20.4081,57.7,23.47,94,75,2.06,MU,1674528934
279,miri,4.4148,114.0089,26.08,89,40,1.03,MY,1674528934
280,ayagoz,47.9714,80.4392,-17.87,89,100,2.05,KZ,1674528935
281,barcelona,41.3888,2.159,6.41,62,75,4.63,ES,1674528735
282,geraldton,-28.7667,114.6,26.23,65,75,6.17,AU,1674528935
283,kyaikto,17.3,97.0167,25.95,26,34,1.47,MM,1674528936
284,asau,46.4333,26.4,-1.49,83,100,2.41,RO,1674528936
285,mahibadhoo,3.7833,72.9667,26.11,78,100,5.19,MV,1674528937
286,barra do garcas,-15.89,-52.2567,21.82,95,88,1.04,BR,1674528937
287,ribeira grande,38.5167,-28.7,16.54,76,15,6.71,PT,1674528937
288,yinchuan,38.4681,106.2731,-14.82,24,0,0.59,CN,1674528938
289,acapulco,16.8634,-99.8901,24.11,73,1,2.58,MX,1674528797
290,koppies,-27.2418,27.5742,15.39,54,0,2.89,ZA,1674528938
291,conakry,9.538,-13.6773,26.04,78,40,2.06,GN,1674528939
292,masuguru,-11.3667,38.4167,20.94,95,100,1.25,TZ,1674528939
293,vila franca do campo,37.7167,-25.4333,15.23,82,78,6.45,PT,1674528940
294,san jose de ocoa,18.55,-70.5,19.39,70,6,1.92,DO,1674528940
295,lompoc,34.6391,-120.4579,10.51,73,0,3.58,US,1674528941
296,abonnema,4.7084,6.7931,26.16,84,2,1.62,NG,1674528941
297,lazaro cardenas,17.9583,-102.2,23.06,75,1,1.66,MX,1674528942
298,skjervoy,70.0311,20.9714,1.0,72,100,18.74,NO,1674528942
299,san rafael,-34.6177,-68.3301,19.33,72,75,1.54,AR,1674528644
300,lahat,-3.8,103.5333,26.86,74,100,0.71,ID,1674528943
301,akhmim,26.5622,31.745,9.11,64,0,2.99,EG,1674528943
302,sulangan,11.1373,123.7228,26.44,81,73,8.19,PH,1674528943
303,kopavogur,64.1123,-21.913,4.84,86,75,8.75,IS,1674528944
304,sao filipe,14.8961,-24.4956,21.25,65,2,3.35,CV,1674528944
305,chapais,49.7834,-74.8492,-7.12,93,100,3.92,CA,1674528945
306,constitucion,-35.3333,-72.4167,15.2,93,12,1.46,CL,1674528946
307,manono,-7.3,27.4167,19.53,87,99,1.17,CD,1674528946
308,sitka,57.0531,-135.33,5.94,87,100,3.09,US,1674528946
309,yulara,-25.2406,130.9889,32.96,18,79,4.36,AU,1674528947
310,ndele,8.4109,20.6473,21.27,21,48,1.98,CF,1674528947
311,linden,6.0,-58.3,20.76,98,12,0.78,GY,1674528948
312,kvitok,56.0724,98.4813,-15.12,97,100,1.2,RU,1674528948
313,charters towers,-20.1,146.2667,32.23,40,58,4.43,AU,1674528949
314,umm kaddadah,13.6017,26.6876,15.83,18,33,5.71,SD,1674528949
315,astana,51.1801,71.446,-19.89,100,100,1.26,KZ,1674528949
316,jalu,29.0331,21.5482,10.73,64,0,3.51,LY,1674528950
317,dudinka,69.4058,86.1778,-36.6,98,11,1.81,RU,1674528950
318,andrelandia,-21.7397,-44.3092,18.55,96,100,0.63,BR,1674528794
319,bay roberts,47.5999,-53.2648,1.85,94,100,5.81,CA,1674528951
320,cockburn town,21.4612,-71.1419,25.49,77,0,8.84,TC,1674529012
321,myitkyina,25.3833,97.4,19.35,35,41,0.94,MM,1674529012
322,vikhorevka,56.1201,101.1636,-23.2,96,100,1.33,RU,1674529013
323,upata,8.0086,-62.3989,22.33,86,24,2.36,VE,1674529013
324,santa cruz,-17.8,-63.1667,24.7,78,75,2.06,BO,1674529014
325,sao gabriel da cachoeira,-0.1303,-67.0892,22.12,99,100,0.56,BR,1674529014
326,adzope,6.1069,-3.8619,22.73,96,17,1.32,CI,1674529015
327,lavumisa,-27.31,31.892,19.67,98,26,1.16,SZ,1674528854
328,sorland,67.667,12.6934,2.92,58,100,12.4,NO,1674529015
329,los andes,-32.8337,-70.5983,19.98,64,0,0.96,CL,1674529016
330,ilhabela,-23.7781,-45.3581,23.94,91,100,2.94,BR,1674529016
331,eyl,7.9803,49.8164,22.0,75,23,7.08,SO,1674529016
332,caala,-12.8525,15.5606,13.42,96,100,0.43,AO,1674529017
333,banda aceh,5.5577,95.3222,25.03,86,100,4.74,ID,1674529017
334,itarema,-2.9248,-39.9167,24.81,85,15,2.12,BR,1674529018
335,alcazar de san juan,39.3901,-3.2083,-1.41,77,38,4.12,ES,1674528995
336,saverne,48.8333,7.25,1.3,89,87,5.69,FR,1674529018
337,lerwick,60.1545,-1.1494,9.0,97,100,8.67,GB,1674529019
338,bilibino,68.0546,166.4372,-22.83,84,100,1.94,RU,1674529019
339,dubuque,42.4833,-90.8668,-2.1,80,100,4.63,US,1674528963
340,lata,40.1629,-8.3327,4.49,68,0,2.07,PT,1674529020
341,verkhniy baskunchak,48.2256,46.7217,-6.79,74,9,3.41,RU,1674529020
342,sao miguel do araguaia,-13.275,-50.1628,21.91,91,64,0.88,BR,1674529020
343,olafsvik,64.8945,-23.7142,0.93,98,100,9.26,IS,1674529021
344,lagoa,39.05,-27.9833,15.04,77,78,11.29,PT,1674529021
345,kununurra,-15.7667,128.7333,32.99,55,100,3.09,AU,1674529022
346,comodoro rivadavia,-45.8667,-67.5,24.92,38,0,10.8,AR,1674529022
347,shimoda,34.6667,138.95,11.2,59,100,12.43,JP,1674529022
348,coquimbo,-29.9533,-71.3436,16.85,94,0,2.57,CL,1674529023
349,ritchie,-29.038,24.6028,23.31,26,4,6.76,ZA,1674529023
350,kirakira,-10.4544,161.9205,25.49,92,99,3.14,SB,1674529024
351,moyale,3.5167,39.0584,19.11,45,6,2.96,KE,1674529024
352,inhambane,-23.865,35.3833,24.99,80,90,4.39,MZ,1674529024
353,saint anthony,45.0205,-93.218,-0.22,88,100,2.57,US,1674529025
354,khasan,42.4308,130.6434,-18.59,54,0,11.33,RU,1674529025
355,praya,14.9215,-23.5087,20.3,68,20,3.09,CV,1674529026
356,wanning,18.8003,110.3967,16.67,85,100,9.03,CN,1674529026
357,malvern,34.3623,-92.813,4.65,79,1,1.55,US,1674529027
358,matagami,49.7502,-77.6328,-3.94,93,100,3.6,CA,1674529027
359,port lincoln,-34.7333,135.8667,20.34,64,26,7.08,AU,1674529027
360,boddam,57.4667,-1.7833,9.21,85,100,2.67,GB,1674529028
361,komsomolskiy,40.4272,71.7189,-8.6,79,3,2.06,UZ,1674529028
362,vryheid,-27.7695,30.7917,13.84,95,1,1.47,ZA,1674528857
363,oleksandrivka,48.9634,32.2349,-1.34,82,93,3.12,UA,1674529029
364,tambopata,-12.7333,-69.1833,24.67,86,99,1.03,PE,1674529089
365,kavaratti,10.5669,72.642,26.41,75,56,7.51,IN,1674529090
366,byron bay,-28.65,153.6167,29.41,60,6,5.55,AU,1674529090
367,sabang,5.8933,95.3214,25.04,88,100,8.95,ID,1674529091
368,luganville,-15.5333,167.1667,29.62,71,98,3.65,VU,1674529091
369,araouane,18.9048,-3.5265,18.58,15,0,4.11,ML,1674529091
370,ternate,0.8,127.4,28.31,73,88,1.79,ID,1674529092
371,kiunga,-6.1219,141.2906,29.31,71,100,0.63,PG,1674529092
372,barrhead,55.7992,-4.3929,8.79,86,100,1.54,GB,1674528897
373,toktogul,41.8708,72.9402,-11.69,63,1,1.36,KG,1674529093
374,beni suef,29.0731,31.0979,12.43,91,0,4.19,EG,1674529093
375,san lorenzo,-25.3333,-57.5333,26.44,83,81,2.06,PY,1674529094
376,chunskiy,56.0815,99.6342,-19.02,97,100,1.18,RU,1674529094
377,male,4.1748,73.5089,24.97,94,75,5.66,MV,1674529094
378,coos bay,43.3665,-124.2179,6.66,98,26,3.12,US,1674529029
379,playa del carmen,20.6274,-87.0799,25.57,88,0,2.06,MX,1674529074
380,college,64.8569,-147.8028,-21.34,79,100,0.0,US,1674528845
381,sibiti,-3.6819,13.3499,20.18,98,97,0.75,CG,1674529096
382,cam ranh,11.9214,109.1591,26.98,74,40,8.75,VN,1674529096
383,non sang,16.8687,102.5664,25.59,50,5,6.35,TH,1674529096
384,kultuk,51.7208,103.6956,-22.13,90,100,2.13,RU,1674529097
385,arman,59.7,150.1667,-24.6,80,97,5.21,RU,1674529097
386,ambulu,-8.345,113.6058,29.4,68,69,1.55,ID,1674529098
387,dingle,10.9995,122.6711,27.04,80,100,6.73,PH,1674529098
388,vestmanna,62.1564,-7.1664,7.51,93,100,3.6,FO,1674529098
389,camalu,30.85,-116.0667,12.35,38,0,3.83,MX,1674529099
390,garmsar,35.2182,52.3409,1.14,45,42,1.49,IR,1674529099
391,port blair,11.6667,92.75,27.02,69,51,5.14,IN,1674529100
392,sambava,-14.2667,50.1667,23.9,85,100,1.75,MG,1674529100
393,nerl,56.6628,40.3893,-12.3,97,84,2.32,RU,1674529100
394,amapa,1.0,-52.0,21.37,99,100,1.12,BR,1674529101
395,dungarpur,23.8333,73.7167,14.27,37,12,0.56,IN,1674529101
396,lewisporte,49.2499,-55.0482,0.86,98,100,6.01,CA,1674529102
397,lardos,36.0942,28.0157,13.9,73,0,2.42,GR,1674529102
398,harper,4.375,-7.7169,25.72,85,61,2.58,LR,1674529102
399,nizhniy odes,63.6445,54.856,-12.68,96,31,3.42,RU,1674529103
400,alta floresta,-9.8756,-56.0861,21.39,97,99,0.81,BR,1674529104
401,aklavik,68.2191,-135.0107,-23.08,98,100,4.27,CA,1674529104
402,tiarei,-17.5333,-149.3333,26.01,81,100,4.21,PF,1674529104
403,saint-joseph,-21.3667,55.6167,22.21,82,100,1.99,RE,1674529021
404,idritsa,56.3316,28.8988,-7.59,99,93,1.52,RU,1674529105
405,rundu,-17.9333,19.7667,17.99,87,36,1.37,NA,1674529106
406,kapit,2.0167,112.9333,29.9,68,92,0.74,MY,1674529106
407,blackwater,-23.5833,148.8833,32.47,42,3,3.99,AU,1674529107
408,moose jaw,50.4001,-105.5344,-2.86,80,100,5.14,CA,1674529107
409,saint-georges,12.0564,-61.7485,25.82,78,20,6.17,GD,1674529167
410,north bend,43.4065,-124.2243,6.62,98,30,3.41,US,1674529168
411,mikhaylovka,50.06,43.2379,-9.61,86,64,2.32,RU,1674529168
412,sosnogorsk,63.6023,53.8817,-11.55,95,44,3.46,RU,1674529169
413,oktyabrskiy,54.4815,53.471,-19.07,100,43,1.2,RU,1674529169
414,port augusta,-32.5,137.7667,31.33,30,0,5.76,AU,1674529169
415,aripuana,-9.1667,-60.6333,22.24,96,43,0.6,BR,1674529170
416,nelson bay,-32.7167,152.15,26.72,74,15,1.34,AU,1674529170
417,saint leonard,47.173,-67.9247,-4.82,89,95,3.99,CA,1674529171
418,ola,59.5833,151.2833,-22.03,82,94,4.36,RU,1674529171
419,sumenep,-7.0167,113.8667,29.16,69,76,1.72,ID,1674529171
420,pacific grove,36.6177,-121.9166,10.94,69,1,0.89,US,1674529172
421,santa maria,-29.6842,-53.8069,21.61,83,0,1.54,BR,1674529172
422,ornskoldsvik,63.2909,18.7153,-1.47,100,20,3.6,SE,1674529173
423,nador,35.174,-2.9287,9.14,53,18,2.57,MA,1674529173
424,kupang,-10.1667,123.5833,29.32,74,75,2.06,ID,1674529173
425,takoradi,4.8845,-1.7554,26.08,85,70,2.69,GH,1674528832
426,ostersund,63.1792,14.6357,1.25,100,100,4.63,SE,1674529174
427,kochi,9.9399,76.2602,26.12,74,40,2.21,IN,1674529174
428,ordzhonikidze,52.4411,61.7408,-17.22,99,100,1.95,KZ,1674529175
429,polson,47.6936,-114.1632,-10.11,92,99,0.95,US,1674529175
430,birjand,32.8663,59.2211,-7.74,79,0,2.06,IR,1674529176
431,la ronge,55.1001,-105.2842,-12.86,85,100,3.09,CA,1674529176
432,huilong,31.8111,121.655,-0.04,41,12,12.42,CN,1674529177
433,aguada de cima,40.5229,-8.427,5.42,73,0,3.23,PT,1674529177
434,uribia,11.7139,-72.266,25.93,74,60,10.03,CO,1674529177
435,port-gentil,-0.7193,8.7815,27.47,79,100,5.97,GA,1674529178
436,troitsko-pechorsk,62.7084,56.1964,-13.8,95,25,2.48,RU,1674529178
437,taoudenni,22.6783,-3.9836,16.18,24,0,3.22,ML,1674529179
438,west bay,19.3667,-81.4167,26.04,86,20,3.09,KY,1674529179
439,pindi gheb,33.2402,72.2661,8.52,61,29,3.53,PK,1674529179
440,omsukchan,62.5333,155.8,-27.9,95,100,2.54,RU,1674529180
441,lebowakgomo,-24.2,29.5,17.5,85,0,1.33,ZA,1674529180
442,shasta lake,40.6804,-122.3708,8.37,60,4,3.21,US,1674529181
443,los llanos de aridane,28.6585,-17.9182,14.86,72,100,3.6,ES,1674529181
444,baykit,61.67,96.37,-33.14,99,93,1.64,RU,1674529181
445,imeni poliny osipenko,52.4201,136.4853,-28.7,87,100,1.35,RU,1674529182
446,worpswede,53.2167,8.9333,3.29,92,98,1.93,DE,1674529182
447,tias,28.9611,-13.645,14.82,67,75,5.14,ES,1674529183
448,touros,-5.1989,-35.4608,26.12,78,20,4.23,BR,1674529183
449,guarapari,-20.6667,-40.4975,26.05,94,100,2.28,BR,1674529183
450,olot,42.181,2.4901,2.27,41,100,0.89,ES,1674528954
451,xining,36.6167,101.7667,-9.8,19,4,0.88,CN,1674529184
452,maniitsoq,65.4167,-52.9,-4.79,94,100,7.97,GL,1674529184
453,walvis bay,-22.9575,14.5053,18.03,84,99,5.65,NA,1674529185
454,caravelas,-17.7125,-39.2481,25.81,84,100,4.81,BR,1674529185
455,claremore,36.3126,-95.6161,5.31,77,0,0.45,US,1674529186
456,vinh,18.6667,105.6667,13.88,71,100,6.85,VN,1674529246
457,nuuk,64.1835,-51.7216,-1.18,58,100,7.6,GL,1674529023
458,dig,27.4667,77.3333,15.34,91,34,3.54,IN,1674529247
459,partur,19.6,76.2167,21.28,52,69,2.56,IN,1674529248
460,bumba,2.1833,22.4667,22.58,58,100,1.46,CD,1674529249
461,estelle,29.8458,-90.1067,11.11,82,1,2.66,US,1674529249
462,yatou,37.15,122.3833,-8.8,76,99,11.1,CN,1674529250
463,chokurdakh,70.6333,147.9167,-36.27,100,97,2.09,RU,1674529250
464,pontal do parana,-25.6533,-48.5128,22.38,94,72,1.77,BR,1674529251
465,dryden,49.7833,-92.7503,-9.84,85,100,1.54,CA,1674529251
466,sao felix do xingu,-6.6447,-51.995,21.78,98,95,0.41,BR,1674529252
467,minatitlan,17.9833,-94.5167,21.73,92,0,3.37,MX,1674529252
468,zhigansk,66.7697,123.3711,-42.59,97,100,3.1,RU,1674529253
469,hami,42.8,93.45,-11.98,34,0,0.29,CN,1674529253
470,kibre mengist,5.8833,38.9833,10.46,67,19,1.31,ET,1674529254
471,kaitangata,-46.2817,169.8464,14.82,57,51,3.73,NZ,1674529254
472,saint-pierre,-21.3393,55.4781,23.28,88,75,2.06,RE,1674529254
473,dunedin,-45.8742,170.5036,15.45,60,78,1.34,NZ,1674529255
474,pitimbu,-7.4706,-34.8086,26.18,76,6,4.48,BR,1674529255
475,esna,25.2934,32.554,13.84,38,0,3.12,EG,1674529256
476,luanda,-8.8368,13.2343,25.51,80,100,0.94,AO,1674529205
477,okhotsk,59.3833,143.3,-27.15,76,92,6.23,RU,1674529257
478,murdochville,48.9583,-65.5006,-8.56,95,100,3.6,CA,1674529257
479,korla,41.7597,86.1469,-14.38,83,46,2.25,CN,1674529257
480,shingu,33.7333,135.9833,8.46,65,30,7.3,JP,1674529258
481,margate,51.3813,1.3862,5.5,82,100,1.79,GB,1674529258
482,bathsheba,13.2167,-59.5167,24.6,80,17,7.54,BB,1674529259
483,hwange,-18.3693,26.5019,19.48,96,100,2.21,ZW,1674529259
484,payyannur,12.1,75.2,25.02,74,65,2.49,IN,1674529260
485,ati,13.2154,18.3353,22.06,14,100,4.55,TD,1674529260
486,altoona,40.5187,-78.3947,0.92,83,97,3.13,US,1674529149
487,ouesso,1.6136,16.0517,20.95,69,100,1.55,CG,1674529261
488,baculin,7.4525,126.5842,27.13,84,99,2.45,PH,1674529261
489,kiboga,0.9161,31.7742,16.89,74,100,0.78,UG,1674529261
490,chyhyryn,49.0838,32.6555,-1.18,83,96,3.51,UA,1674529036
491,bratsk,56.1325,101.6142,-23.7,95,100,2.52,RU,1674529262
492,balta,47.9355,29.6198,0.3,81,100,3.86,UA,1674529263
493,hobyo,5.3505,48.5268,24.2,77,51,9.0,SO,1674529263
494,meulaboh,4.1363,96.1285,24.66,89,94,2.77,ID,1674529264
495,san carlos de bariloche,-41.1456,-71.3082,16.25,75,56,6.71,AR,1674529264
496,ondangwa,-17.9167,15.95,20.84,76,100,4.17,NA,1674529264
497,hirado,33.3597,129.5531,-0.34,76,100,18.22,JP,1674529265
498,gayeri,12.6497,0.4931,24.44,18,32,3.08,BF,1674529265
499,ishinomaki,38.4167,141.3,4.4,75,100,0.7,JP,1674529266
500,eirunepe,-6.6603,-69.8736,22.34,99,100,1.11,BR,1674529266
501,atbasar,51.8,68.3333,-20.52,100,93,2.02,KZ,1674529267
502,marzuq,14.4,46.4667,14.04,71,8,1.14,YE,1674529267
503,tuatapere,-46.1333,167.6833,17.73,47,7,3.89,NZ,1674529328
504,anderson,34.5334,-82.6499,3.35,79,0,0.53,US,1674529155
505,xam nua,20.4197,104.0439,9.78,97,100,1.79,LA,1674529328
506,wielun,51.221,18.5696,-0.18,96,76,2.89,PL,1674529329
507,ambon,-3.6954,128.1814,32.08,62,40,2.57,ID,1674529329
508,nenjiang,49.1833,125.2167,-25.92,80,22,1.55,CN,1674529330
509,svetlaya,46.5389,138.3297,-22.25,73,100,5.56,RU,1674529330
510,portland,45.5234,-122.6762,8.45,80,63,0.45,US,1674528995
511,alyangula,-13.8483,136.4192,28.78,77,100,5.4,AU,1674529331
512,guarapuava,-25.3953,-51.4581,17.53,79,92,1.27,BR,1674529331
513,fundacion,10.5207,-74.185,24.98,81,98,1.01,CO,1674529332
514,sibu,2.3,111.8167,25.02,94,100,1.78,MY,1674529332
515,luwuk,-0.9516,122.7875,29.41,73,98,0.53,ID,1674529333
516,mattru,7.6244,-11.8332,21.83,97,62,1.11,SL,1674529333
517,yamada,39.4667,141.95,2.82,89,100,3.13,JP,1674529333
518,mims,28.6653,-80.8448,15.54,65,0,3.09,US,1674529334
519,inverness,57.4791,-4.224,10.95,93,20,7.2,GB,1674529334
520,kidodi,-7.6036,37.0044,21.46,97,100,1.28,TZ,1674529335
521,chuy,-33.6971,-53.4616,17.32,73,0,1.03,UY,1674529335
522,kentau,43.5206,68.5094,-9.51,84,99,1.91,KZ,1674529336
523,aksarayskiy,46.7924,48.0119,-3.74,47,14,3.92,RU,1674529336
524,bereda,43.2686,-7.5406,5.23,100,72,3.42,ES,1674529337
525,thinadhoo,0.5333,72.9333,27.06,75,99,5.44,MV,1674529337
526,yichun,47.7,128.9,-27.79,83,100,4.1,CN,1674529338
527,rio gallegos,-51.6226,-69.2181,12.25,43,88,5.31,AR,1674529338
528,bagua grande,-5.7561,-78.4411,24.36,73,55,1.28,PE,1674529338
529,bida,9.0833,6.0167,24.26,21,10,1.65,NG,1674529313
530,te anau,-45.4167,167.7167,20.17,39,6,1.14,NZ,1674529339
531,sabzevar,36.2126,57.6819,-3.34,68,0,1.53,IR,1674529340
532,listvyanka,51.8535,104.8693,-24.97,91,100,5.66,RU,1674529340
533,quatre cocos,-20.2078,57.7625,23.38,80,100,2.01,MU,1674529340
534,kahna nau,31.3692,74.3653,8.02,87,40,3.09,PK,1674529341
535,saint-francois,46.4154,3.9054,1.69,80,100,3.09,FR,1674529342
536,paragominas,-2.9667,-47.4833,21.99,99,100,1.07,BR,1674529316
537,makakilo city,21.3469,-158.0858,26.1,74,54,1.95,US,1674529342
538,balakliya,49.4627,36.8595,-3.01,72,3,4.26,UA,1674529343
539,beringovskiy,63.05,179.3167,-23.11,97,100,6.2,RU,1674529343
540,la paz,-16.5,-68.15,7.36,77,96,3.05,BO,1674529344
541,cap malheureux,-19.9842,57.6142,23.59,82,100,0.78,MU,1674529344
542,linares,-35.85,-71.6,15.67,74,0,1.01,CL,1674529344
543,kifri,34.6959,44.9661,8.63,45,0,4.54,IQ,1674529345
544,kuliyapitiya,7.4688,80.0401,24.82,76,83,2.06,LK,1674529345
545,mandalgovi,45.7625,106.2708,-21.99,61,40,4.69,MN,1674529174
546,nanakuli,21.3906,-158.1547,26.9,72,36,2.29,US,1674529346
547,ulaangom,49.9811,92.0667,-25.42,88,100,0.6,MN,1674529346
548,murray bridge,-35.1167,139.2667,22.85,49,0,5.74,AU,1674529347
549,hasaki,35.7333,140.8333,8.45,71,100,6.36,JP,1674529347
550,iralaya,15.0,-83.2333,24.42,87,5,5.64,HN,1674529408
551,abu samrah,35.3029,37.1841,8.33,79,0,1.46,SY,1674529408
552,manado,1.487,124.8455,27.43,89,40,2.57,ID,1674529409
553,balkanabat,39.5108,54.3671,-1.04,46,0,1.43,TM,1674529409
554,innisfail,-17.5333,146.0333,28.48,76,89,3.14,AU,1674529171
555,tabas,33.5959,56.9244,2.12,43,0,2.51,IR,1674529410
556,malaya serdoba,52.4661,44.9512,-12.35,83,83,1.68,RU,1674529410
557,port hawkesbury,45.6169,-61.3485,7.88,100,100,4.02,CA,1674529411
558,kalemie,-5.9475,29.1947,20.49,84,100,1.11,CD,1674529411
559,ostrovnoy,68.0531,39.5131,-4.01,90,100,12.21,RU,1674529411
560,mosjoen,65.836,13.1908,3.29,80,100,1.54,NO,1674529393
561,zanjan,36.6736,48.4787,-7.32,80,39,2.04,IR,1674529412
562,guerrero negro,27.9769,-114.0611,14.13,43,17,4.3,MX,1674529325
563,tres arroyos,-38.3739,-60.2798,20.54,44,0,4.01,AR,1674529334
564,saint-augustin,51.226,-58.6502,-6.46,90,100,6.12,CA,1674529413
565,kenitra,34.261,-6.5802,2.42,61,0,2.18,MA,1674529330
